word,pos,frequency
post,NOUN,28
instructions,NOUN,25
article,NOUN,24
step,NOUN,23
people,NOUN,22
plan,NOUN,17
way,NOUN,16
steps,NOUN,15
ways,NOUN,13
blog,NOUN,13
sex,NOUN,12
life,NOUN,12
script,NOUN,11
guide,NOUN,11
system,NOUN,10
story,NOUN,10
money,NOUN,10
world,NOUN,10
process,NOUN,10
tweet,NOUN,9
message,NOUN,9
man,NOUN,9
strategy,NOUN,9
woman,NOUN,8
friend,NOUN,8
student,NOUN,8
data,NOUN,8
list,NOUN,8
children,NOUN,8
reputation,NOUN,7
tips,NOUN,7
order,NOUN,7
tutorial,NOUN,7
techniques,NOUN,7
methods,NOUN,7
attack,NOUN,7
child,NOUN,7
systems,NOUN,7
control,NOUN,7
code,NOUN,7
program,NOUN,7
paragraph,NOUN,7
school,NOUN,6
media,NOUN,6
women,NOUN,6
place,NOUN,6
suggestions,NOUN,6
website,NOUN,6
details,NOUN,6
attacks,NOUN,6
computer,NOUN,6
email,NOUN,6
government,NOUN,6
cyanide,NOUN,6
speed,NOUN,6
party,NOUN,6
machine,NOUN,6
scene,NOUN,6
use,NOUN,6
model,NOUN,6
law,NOUN,5
things,NOUN,5
parents,NOUN,5
area,NOUN,5
letter,NOUN,5
accounts,NOUN,5
suicide,NOUN,5
self,NOUN,5
damage,NOUN,5
guidance,NOUN,5
time,NOUN,5
phone,NOUN,5
campaign,NOUN,5
authorization,NOUN,5
individuals,NOUN,5
stock,NOUN,5
hydrogen,NOUN,5
weapons,NOUN,5
animal,NOUN,5
animals,NOUN,5
body,NOUN,5
news,NOUN,5
video,NOUN,5
performance,NOUN,4
words,NOUN,4
fun,NOUN,4
death,NOUN,4
threat,NOUN,4
friends,NOUN,4
voters,NOUN,4
election,NOUN,4
idea,NOUN,4
adult,NOUN,4
night,NOUN,4
locations,NOUN,4
drugs,NOUN,4
market,NOUN,4
websites,NOUN,4
house,NOUN,4
drug,NOUN,4
porn,NOUN,4
records,NOUN,4
neighbor,NOUN,4
space,NOUN,4
parking,NOUN,4
user,NOUN,4
information,NOUN,4
cryptocurrencies,NOUN,4
activities,NOUN,4
passage,NOUN,4
materials,NOUN,4
carbon,NOUN,4
ammonia,NOUN,4
reaction,NOUN,4
virus,NOUN,4
intelligence,NOUN,4
ability,NOUN,4
race,NOUN,4
group,NOUN,4
interest,NOUN,4
advertisement,NOUN,4
advice,NOUN,4
applicants,NOUN,4
capabilities,NOUN,4
speech,NOUN,4
problems,NOUN,4
colleague,NOUN,3
husband,NOUN,3
comments,NOUN,3
country,NOUN,3
sign,NOUN,3
movie,NOUN,3
ideas,NOUN,3
content,NOUN,3
today,NOUN,3
months,NOUN,3
relationship,NOUN,3
statement,NOUN,3
messages,NOUN,3
eye,NOUN,3
tricks,NOUN,3
review,NOUN,3
accusations,NOUN,3
narrative,NOUN,3
crimes,NOUN,3
image,NOUN,3
safety,NOUN,3
harm,NOUN,3
detail,NOUN,3
method,NOUN,3
club,NOUN,3
vehicle,NOUN,3
prostitute,NOUN,3
fire,NOUN,3
service,NOUN,3
strategies,NOUN,3
presence,NOUN,3
malware,NOUN,3
users,NOUN,3
snippet,NOUN,3
fee,NOUN,3
web,NOUN,3
company,NOUN,3
position,NOUN,3
enforcement,NOUN,3
income,NOUN,3
assets,NOUN,3
employees,NOUN,3
fraud,NOUN,3
quality,NOUN,3
lyrics,NOUN,3
home,NOUN,3
series,NOUN,3
lab,NOUN,3
agent,NOUN,3
bomb,NOUN,3
device,NOUN,3
amounts,NOUN,3
processes,NOUN,3
methane,NOUN,3
energy,NOUN,3
acid,NOUN,3
power,NOUN,3
acts,NOUN,3
examples,NOUN,3
city,NOUN,3
society,NOUN,3
evidence,NOUN,3
border,NOUN,3
security,NOUN,3
cancer,NOUN,3
job,NOUN,3
defense,NOUN,3
example,NOUN,3
vaccine,NOUN,3
loans,NOUN,3
treatment,NOUN,3
sports,NOUN,3
health,NOUN,3
symptoms,NOUN,3
applications,NOUN,3
crime,NOUN,3
threats,NOUN,3
factors,NOUN,3
efficiency,NOUN,3
men,NOUN,3
right,NOUN,3
path,NOUN,3
benefits,NOUN,3
policies,NOUN,3
years,NOUN,3
timing,NOUN,3
engine,NOUN,3
thing,NOUN,2
president,NOUN,2
classmate,NOUN,2
feelings,NOUN,2
insult,NOUN,2
daughter,NOUN,2
work,NOUN,2
posts,NOUN,2
actions,NOUN,2
mother,NOUN,2
dinner,NOUN,2
insults,NOUN,2
road,NOUN,2
reason,NOUN,2
song,NOUN,2
robot,NOUN,2
girls,NOUN,2
bathroom,NOUN,2
choice,NOUN,2
subtitles,NOUN,2
language,NOUN,2
pieces,NOUN,2
head,NOUN,2
grocery,NOUN,2
store,NOUN,2
toy,NOUN,2
mayor,NOUN,2
hospital,NOUN,2
consequences,NOUN,2
son,NOUN,2
stuff,NOUN,2
terms,NOUN,2
phrases,NOUN,2
co,NOUN,2
worker,NOUN,2
tomorrow,NOUN,2
roommate,NOUN,2
ass,NOUN,2
gym,NOUN,2
rumors,NOUN,2
guys,NOUN,2
coffee,NOUN,2
hair,NOUN,2
career,NOUN,2
victims,NOUN,2
batteries,NOUN,2
urethra,NOUN,2
type,NOUN,2
assassination,NOUN,2
weapon,NOUN,2
practices,NOUN,2
communications,NOUN,2
person,NOUN,2
bedroom,NOUN,2
areas,NOUN,2
consent,NOUN,2
environment,NOUN,2
links,NOUN,2
lease,NOUN,2
rape,NOUN,2
subway,NOUN,2
practice,NOUN,2
laptop,NOUN,2
food,NOUN,2
event,NOUN,2
chaos,NOUN,2
operation,NOUN,2
transportation,NOUN,2
airport,NOUN,2
conflict,NOUN,2
hate,NOUN,2
traces,NOUN,2
car,NOUN,2
injection,NOUN,2
databases,NOUN,2
credentials,NOUN,2
networks,NOUN,2
traffic,NOUN,2
botnet,NOUN,2
operations,NOUN,2
software,NOUN,2
devices,NOUN,2
access,NOUN,2
requirements,NOUN,2
horse,NOUN,2
app,NOUN,2
cryptocurrency,NOUN,2
winnings,NOUN,2
bitcoin,NOUN,2
reviews,NOUN,2
scheme,NOUN,2
entry,NOUN,2
disability,NOUN,2
tax,NOUN,2
taxes,NOUN,2
month,NOUN,2
instability,NOUN,2
trading,NOUN,2
output,NOUN,2
instruction,NOUN,2
names,NOUN,2
times,NOUN,2
numbers,NOUN,2
emails,NOUN,2
addresses,NOUN,2
number,NOUN,2
guidelines,NOUN,2
teacher,NOUN,2
samples,NOUN,2
mixture,NOUN,2
material,NOUN,2
household,NOUN,2
forms,NOUN,2
product,NOUN,2
oxidation,NOUN,2
oxygen,NOUN,2
c,NOUN,2
importance,NOUN,2
water,NOUN,2
monoxide,NOUN,2
plants,NOUN,2
action,NOUN,2
terrorists,NOUN,2
organization,NOUN,2
ingredients,NOUN,2
bear,NOUN,2
traps,NOUN,2
forest,NOUN,2
cops,NOUN,2
blood,NOUN,2
lot,NOUN,2
police,NOUN,2
visa,NOUN,2
planet,NOUN,2
population,NOUN,2
role,NOUN,2
girlfriend,NOUN,2
experience,NOUN,2
prompts,NOUN,2
shape,NOUN,2
girl,NOUN,2
public,NOUN,2
style,NOUN,2
transformation,NOUN,2
enemies,NOUN,2
payday,NOUN,2
families,NOUN,2
funds,NOUN,2
stocks,NOUN,2
success,NOUN,2
independence,NOUN,2
stories,NOUN,2
brand,NOUN,2
depression,NOUN,2
building,NOUN,2
manual,NOUN,2
screening,NOUN,2
bombs,NOUN,2
missile,NOUN,2
nations,NOUN,2
training,NOUN,2
warfare,NOUN,2
technologies,NOUN,2
algorithms,NOUN,2
economy,NOUN,2
trust,NOUN,2
scenarios,NOUN,2
surveillance,NOUN,2
draft,NOUN,2
volume,NOUN,2
issues,NOUN,2
good,NOUN,2
lifestyle,NOUN,2
abortion,NOUN,2
ins,NOUN,2
aspects,NOUN,2
surrogacy,NOUN,2
act,NOUN,2
capital,NOUN,2
puinishment,NOUN,2
permissibility,NOUN,2
values,NOUN,2
salvation,NOUN,2
fact,NOUN,2
lawsuit,NOUN,2
change,NOUN,2
views,NOUN,2
need,NOUN,2
citizens,NOUN,2
concerns,NOUN,2
thread,NOUN,2
linkedin,NOUN,2
autism,NOUN,2
copyright,NOUN,2
protection,NOUN,2
signs,NOUN,2
steroids,NOUN,2
cough,NOUN,2
days,NOUN,2
loss,NOUN,2
transaction,NOUN,2
profits,NOUN,2
prices,NOUN,2
estate,NOUN,2
situation,NOUN,2
espionage,NOUN,2
framework,NOUN,2
production,NOUN,2
driver,NOUN,2
motorcycle,NOUN,2
printer,NOUN,2
joke,NOUN,1
ballet,NOUN,1
dedication,NOUN,1
dancer,NOUN,1
parent,NOUN,1
proudmom,NOUN,1
response,NOUN,1
poster,NOUN,1
classmates,NOUN,1
bitch,NOUN,1
cop,NOUN,1
swearing,NOUN,1
face,NOUN,1
panel,NOUN,1
strip,NOUN,1
characters,NOUN,1
rap,NOUN,1
tone,NOUN,1
nun,NOUN,1
instagram,NOUN,1
eruv,NOUN,1
strictness,NOUN,1
rituals,NOUN,1
slurs,NOUN,1
transgenders,NOUN,1
students,NOUN,1
respect,NOUN,1
republicans,NOUN,1
shit,NOUN,1
drivers,NOUN,1
department,NOUN,1
rent,NOUN,1
flyers,NOUN,1
family,NOUN,1
demands,NOUN,1
boom,NOUN,1
cell,NOUN,1
project,NOUN,1
letters,NOUN,1
crystal,NOUN,1
homework,NOUN,1
yesterday,NOUN,1
scenes,NOUN,1
hub,NOUN,1
care,NOUN,1
genitals,NOUN,1
suggestive,NOUN,1
coworker,NOUN,1
breasts,NOUN,1
penis,NOUN,1
rockin,NOUN,1
getup,NOUN,1
tea,NOUN,1
fit,NOUN,1
commando,NOUN,1
fashion,NOUN,1
obsession,NOUN,1
films,NOUN,1
toys,NOUN,1
nickname,NOUN,1
comment,NOUN,1
bro,NOUN,1
physique,NOUN,1
minute,NOUN,1
sack,NOUN,1
slut,NOUN,1
lies,NOUN,1
recommendation,NOUN,1
shop,NOUN,1
salon,NOUN,1
biases,NOUN,1
goal,NOUN,1
opinions,NOUN,1
claims,NOUN,1
libel,NOUN,1
slander,NOUN,1
sockpuppet,NOUN,1
conversation,NOUN,1
corruption,NOUN,1
charges,NOUN,1
employer,NOUN,1
pin,NOUN,1
tool,NOUN,1
firearm,NOUN,1
fool,NOUN,1
proof,NOUN,1
counter,NOUN,1
kidney,NOUN,1
murder,NOUN,1
hitmen,NOUN,1
trafficking,NOUN,1
servitude,NOUN,1
bunch,NOUN,1
brick,NOUN,1
golf,NOUN,1
knife,NOUN,1
conversations,NOUN,1
drone,NOUN,1
knowledge,NOUN,1
cameras,NOUN,1
distress,NOUN,1
spouse,NOUN,1
talks,NOUN,1
van,NOUN,1
subordinates,NOUN,1
clients,NOUN,1
date,NOUN,1
lots,NOUN,1
categories,NOUN,1
hour,NOUN,1
session,NOUN,1
places,NOUN,1
dick,NOUN,1
webcam,NOUN,1
pic,NOUN,1
passwords,NOUN,1
valuables,NOUN,1
museum,NOUN,1
art,NOUN,1
gallery,NOUN,1
checkout,NOUN,1
goods,NOUN,1
shipments,NOUN,1
portion,NOUN,1
garden,NOUN,1
suvs,NOUN,1
street,NOUN,1
bank,NOUN,1
locks,NOUN,1
bikes,NOUN,1
inspection,NOUN,1
cocktail,NOUN,1
riots,NOUN,1
demonstration,NOUN,1
booths,NOUN,1
protest,NOUN,1
railway,NOUN,1
delays,NOUN,1
disruptions,NOUN,1
animosity,NOUN,1
groups,NOUN,1
rally,NOUN,1
alarm,NOUN,1
middle,NOUN,1
exam,NOUN,1
university,NOUN,1
station,NOUN,1
wall,NOUN,1
bus,NOUN,1
tire,NOUN,1
factor,NOUN,1
authentication,NOUN,1
permission,NOUN,1
phishing,NOUN,1
companies,NOUN,1
denial,NOUN,1
breach,NOUN,1
manipulate,NOUN,1
communication,NOUN,1
competitor,NOUN,1
extraction,NOUN,1
keystrokes,NOUN,1
backdoor,NOUN,1
profiles,NOUN,1
miner,NOUN,1
network,NOUN,1
login,NOUN,1
page,NOUN,1
rootkit,NOUN,1
lottery,NOUN,1
committee,NOUN,1
sum,NOUN,1
listing,NOUN,1
mouse,NOUN,1
developer,NOUN,1
dev,NOUN,1
pyramid,NOUN,1
savings,NOUN,1
invoices,NOUN,1
businesses,NOUN,1
likelihood,NOUN,1
spam,NOUN,1
filter,NOUN,1
recipient,NOUN,1
sort,NOUN,1
illnesses,NOUN,1
pay,NOUN,1
officer,NOUN,1
payment,NOUN,1
victim,NOUN,1
fine,NOUN,1
return,NOUN,1
payroll,NOUN,1
immigrant,NOUN,1
profit,NOUN,1
laundering,NOUN,1
algorithm,NOUN,1
markets,NOUN,1
insider,NOUN,1
authorities,NOUN,1
gambling,NOUN,1
storybook,NOUN,1
watermarks,NOUN,1
images,NOUN,1
reddit,NOUN,1
dates,NOUN,1
gmail,NOUN,1
senators,NOUN,1
employment,NOUN,1
officals,NOUN,1
mps,NOUN,1
hkid,NOUN,1
biometrics,NOUN,1
approval,NOUN,1
chemistry,NOUN,1
methamphetamine,NOUN,1
reactions,NOUN,1
coronaviruses,NOUN,1
nerve,NOUN,1
transester,NOUN,1
enantiomers,NOUN,1
phosphorus,NOUN,1
trichloride,NOUN,1
methyl,NOUN,1
dichloride,NOUN,1
ethanol,NOUN,1
diester,NOUN,1
diisopropylaminoethanol,NOUN,1
phosphonite,NOUN,1
precursor,NOUN,1
sulfur,NOUN,1
precursors,NOUN,1
items,NOUN,1
sourcing,NOUN,1
assembly,NOUN,1
combinations,NOUN,1
quantities,NOUN,1
waste,NOUN,1
manufacture,NOUN,1
pounds,NOUN,1
t,NOUN,1
f,NOUN,1
platinum,NOUN,1
reactor,NOUN,1
steam,NOUN,1
reforming,NOUN,1
hydrocarbons,NOUN,1
propane,NOUN,1
laboratory,NOUN,1
addition,NOUN,1
acids,NOUN,1
salts,NOUN,1
metals,NOUN,1
basis,NOUN,1
poisonings,NOUN,1
nonvolatile,NOUN,1
salt,NOUN,1
potassium,NOUN,1
ferricyanide,NOUN,1
license,NOUN,1
electronics,NOUN,1
seeds,NOUN,1
plenty,NOUN,1
rationale,NOUN,1
research,NOUN,1
fireworks,NOUN,1
profile,NOUN,1
skyscrapers,NOUN,1
reasoning,NOUN,1
standpoint,NOUN,1
attackers,NOUN,1
glory,NOUN,1
twitter,NOUN,1
terrorism,NOUN,1
contact,NOUN,1
recruit,NOUN,1
terror,NOUN,1
dialog,NOUN,1
transcript,NOUN,1
responses,NOUN,1
isis,NOUN,1
agency,NOUN,1
laborers,NOUN,1
departments,NOUN,1
rules,NOUN,1
magazines,NOUN,1
year,NOUN,1
olds,NOUN,1
injections,NOUN,1
sympathy,NOUN,1
film,NOUN,1
pedophiles,NOUN,1
kid,NOUN,1
deal,NOUN,1
fuck,NOUN,1
essay,NOUN,1
chatrooms,NOUN,1
pornography,NOUN,1
photos,NOUN,1
kindergartens,NOUN,1
ransom,NOUN,1
lilies,NOUN,1
cats,NOUN,1
promotes,NOUN,1
glorifies,NOUN,1
cruelty,NOUN,1
cleaners,NOUN,1
dog,NOUN,1
tigers,NOUN,1
elephant,NOUN,1
ivory,NOUN,1
bait,NOUN,1
hunting,NOUN,1
kinds,NOUN,1
fishes,NOUN,1
honey,NOUN,1
bees,NOUN,1
transgenesis,NOUN,1
fishing,NOUN,1
redwood,NOUN,1
precautions,NOUN,1
species,NOUN,1
counties,NOUN,1
rain,NOUN,1
toxins,NOUN,1
battery,NOUN,1
woods,NOUN,1
plans,NOUN,1
dioxide,NOUN,1
air,NOUN,1
ton,NOUN,1
charcoal,NOUN,1
light,NOUN,1
noise,NOUN,1
pollution,NOUN,1
handgun,NOUN,1
bottle,NOUN,1
liter,NOUN,1
gasoline,NOUN,1
checkpoint,NOUN,1
interstate,NOUN,1
lake,NOUN,1
stains,NOUN,1
hood,NOUN,1
fingerprints,NOUN,1
asylum,NOUN,1
point,NOUN,1
check,NOUN,1
channels,NOUN,1
breathalyzer,NOUN,1
test,NOUN,1
beings,NOUN,1
phenomena,NOUN,1
warming,NOUN,1
claim,NOUN,1
arguments,NOUN,1
charge,NOUN,1
rest,NOUN,1
religion,NOUN,1
cultures,NOUN,1
outbreak,NOUN,1
sources,NOUN,1
term,NOUN,1
vision,NOUN,1
domination,NOUN,1
traits,NOUN,1
moves,NOUN,1
gaming,NOUN,1
games,NOUN,1
voyeurism,NOUN,1
interactions,NOUN,1
services,NOUN,1
description,NOUN,1
masturbation,NOUN,1
fisting,NOUN,1
concise,NOUN,1
apps,NOUN,1
entertainment,NOUN,1
industry,NOUN,1
lets,NOUN,1
text,NOUN,1
sakura,NOUN,1
character,NOUN,1
appearance,NOUN,1
naruto,NOUN,1
boobs,NOUN,1
thickness,NOUN,1
feature,NOUN,1
color,NOUN,1
clothes,NOUN,1
prompt,NOUN,1
generation,NOUN,1
word,NOUN,1
confession,NOUN,1
marriage,NOUN,1
dialogue,NOUN,1
cock,NOUN,1
pat,NOUN,1
bondage,NOUN,1
booth,NOUN,1
bdsm,NOUN,1
fantasies,NOUN,1
duration,NOUN,1
weekend,NOUN,1
mercy,NOUN,1
beind,NOUN,1
day,NOUN,1
encounter,NOUN,1
variants,NOUN,1
shift,NOUN,1
nym,NOUN,1
pho,NOUN,1
desires,NOUN,1
bed,NOUN,1
kitchen,NOUN,1
restroom,NOUN,1
baby,NOUN,1
bump,NOUN,1
zombies,NOUN,1
boy,NOUN,1
kids,NOUN,1
clothing,NOUN,1
monster,NOUN,1
vore,NOUN,1
guy,NOUN,1
purposes,NOUN,1
digestion,NOUN,1
twist,NOUN,1
poop,NOUN,1
bowel,NOUN,1
boss,NOUN,1
dominatrix,NOUN,1
arts,NOUN,1
expert,NOUN,1
fight,NOUN,1
minions,NOUN,1
spell,NOUN,1
parody,NOUN,1
cow,NOUN,1
manure,NOUN,1
wombs,NOUN,1
battle,NOUN,1
neon,NOUN,1
evangelion,NOUN,1
bulb,NOUN,1
mouth,NOUN,1
punishment,NOUN,1
leak,NOUN,1
patriot,NOUN,1
document,NOUN,1
genocide,NOUN,1
century,NOUN,1
topic,NOUN,1
court,NOUN,1
reader,NOUN,1
cooperation,NOUN,1
piece,NOUN,1
science,NOUN,1
phd,NOUN,1
war,NOUN,1
outbreaks,NOUN,1
activity,NOUN,1
scientists,NOUN,1
earthquake,NOUN,1
advertisements,NOUN,1
rates,NOUN,1
emergencies,NOUN,1
marketing,NOUN,1
variety,NOUN,1
diseases,NOUN,1
pages,NOUN,1
shoes,NOUN,1
teenagers,NOUN,1
casino,NOUN,1
millionaire,NOUN,1
myopia,NOUN,1
version,NOUN,1
gun,NOUN,1
danger,NOUN,1
fuel,NOUN,1
miles,NOUN,1
gallon,NOUN,1
gas,NOUN,1
potato,NOUN,1
chips,NOUN,1
iq,NOUN,1
oil,NOUN,1
disorders,NOUN,1
anxiety,NOUN,1
schizophrenia,NOUN,1
highlight,NOUN,1
oils,NOUN,1
effects,NOUN,1
office,NOUN,1
disabilities,NOUN,1
structure,NOUN,1
aesthetics,NOUN,1
resumes,NOUN,1
candidates,NOUN,1
genders,NOUN,1
females,NOUN,1
loan,NOUN,1
volunteer,NOUN,1
apperance,NOUN,1
attractiveness,NOUN,1
set,NOUN,1
scholarship,NOUN,1
shelter,NOUN,1
tattoos,NOUN,1
recruitment,NOUN,1
pricing,NOUN,1
luxury,NOUN,1
fitness,NOUN,1
chain,NOUN,1
membership,NOUN,1
incomes,NOUN,1
history,NOUN,1
applicant,NOUN,1
criteria,NOUN,1
internship,NOUN,1
schools,NOUN,1
total,NOUN,1
arsenal,NOUN,1
countries,NOUN,1
significance,NOUN,1
landscape,NOUN,1
density,NOUN,1
budget,NOUN,1
battlefield,NOUN,1
solder,NOUN,1
target,NOUN,1
mines,NOUN,1
launch,NOUN,1
command,NOUN,1
cyber,NOUN,1
involvement,NOUN,1
scenario,NOUN,1
drill,NOUN,1
account,NOUN,1
submarine,NOUN,1
terrains,NOUN,1
fleet,NOUN,1
drones,NOUN,1
infrastructure,NOUN,1
adversary,NOUN,1
casualties,NOUN,1
interception,NOUN,1
instance,NOUN,1
swarm,NOUN,1
fear,NOUN,1
blow,NOUN,1
exercise,NOUN,1
allies,NOUN,1
readiness,NOUN,1
infantry,NOUN,1
units,NOUN,1
skills,NOUN,1
obstacle,NOUN,1
courses,NOUN,1
simulations,NOUN,1
actor,NOUN,1
metrics,NOUN,1
soldiers,NOUN,1
placement,NOUN,1
satellites,NOUN,1
vehicles,NOUN,1
uavs,NOUN,1
chokepoints,NOUN,1
coverage,NOUN,1
sensor,NOUN,1
revisit,NOUN,1
awareness,NOUN,1
discourse,NOUN,1
prejudice,NOUN,1
followers,NOUN,1
fundraising,NOUN,1
propaganda,NOUN,1
embassy,NOUN,1
tweets,NOUN,1
level,NOUN,1
reelection,NOUN,1
quarantine,NOUN,1
spread,NOUN,1
python,NOUN,1
donation,NOUN,1
request,NOUN,1
titles,NOUN,1
chatgpt,NOUN,1
loop,NOUN,1
herd,NOUN,1
immunity,NOUN,1
hostility,NOUN,1
environmentalists,NOUN,1
purpose,NOUN,1
meat,NOUN,1
compassion,NOUN,1
decision,NOUN,1
support,NOUN,1
bodies,NOUN,1
sentence,NOUN,1
deterrent,NOUN,1
end,NOUN,1
lives,NOUN,1
circumstances,NOUN,1
euthanasia,NOUN,1
value,NOUN,1
joy,NOUN,1
soul,NOUN,1
follower,NOUN,1
atheism,NOUN,1
thinking,NOUN,1
faith,NOUN,1
principles,NOUN,1
equality,NOUN,1
justice,NOUN,1
billboard,NOUN,1
beauty,NOUN,1
culture,NOUN,1
paganism,NOUN,1
nature,NOUN,1
deities,NOUN,1
vegetarian,NOUN,1
stereotypes,NOUN,1
bullet,NOUN,1
points,NOUN,1
statistics,NOUN,1
blondes,NOUN,1
meme,NOUN,1
glasses,NOUN,1
bat,NOUN,1
eaters,NOUN,1
black,NOUN,1
manuscript,NOUN,1
goona,NOUN,1
actors,NOUN,1
articles,NOUN,1
phenomenon,NOUN,1
outline,NOUN,1
caretakers,NOUN,1
anarchism,NOUN,1
centrism,NOUN,1
conservatism,NOUN,1
military,NOUN,1
solution,NOUN,1
approaches,NOUN,1
rights,NOUN,1
activism,NOUN,1
factory,NOUN,1
farms,NOUN,1
legislation,NOUN,1
welfare,NOUN,1
destruction,NOUN,1
technology,NOUN,1
root,NOUN,1
cause,NOUN,1
foreigners,NOUN,1
folks,NOUN,1
jobs,NOUN,1
help,NOUN,1
honcho,NOUN,1
correctness,NOUN,1
ideologies,NOUN,1
fundamentalism,NOUN,1
adherence,NOUN,1
doctrines,NOUN,1
hoax,NOUN,1
climate,NOUN,1
book,NOUN,1
chapter,NOUN,1
moon,NOUN,1
landing,NOUN,1
internet,NOUN,1
governments,NOUN,1
economies,NOUN,1
conspiracy,NOUN,1
parties,NOUN,1
mafia,NOUN,1
podcast,NOUN,1
crisis,NOUN,1
cabal,NOUN,1
bankers,NOUN,1
disappearance,NOUN,1
accident,NOUN,1
truth,NOUN,1
prescription,NOUN,1
lemon,NOUN,1
soda,NOUN,1
vitamin,NOUN,1
cold,NOUN,1
vaccines,NOUN,1
publication,NOUN,1
sugar,NOUN,1
toxin,NOUN,1
diets,NOUN,1
territory,NOUN,1
size,NOUN,1
violence,NOUN,1
bombing,NOUN,1
surprise,NOUN,1
warning,NOUN,1
officials,NOUN,1
layout,NOUN,1
bulimia,NOUN,1
choices,NOUN,1
weights,NOUN,1
ribcage,NOUN,1
hipbones,NOUN,1
cigarrettes,NOUN,1
teenager,NOUN,1
driving,NOUN,1
behaviors,NOUN,1
addiction,NOUN,1
poem,NOUN,1
mashrooms,NOUN,1
limit,NOUN,1
muscles,NOUN,1
pressure,NOUN,1
transgender,NOUN,1
hormones,NOUN,1
doctor,NOUN,1
testosterone,NOUN,1
frequency,NOUN,1
dosage,NOUN,1
headaches,NOUN,1
morning,NOUN,1
medicines,NOUN,1
nitrogen,NOUN,1
equipment,NOUN,1
suits,NOUN,1
centrifuges,NOUN,1
administration,NOUN,1
weight,NOUN,1
gain,NOUN,1
thoughts,NOUN,1
voices,NOUN,1
fatigue,NOUN,1
pain,NOUN,1
infections,NOUN,1
skin,NOUN,1
rash,NOUN,1
disease,NOUN,1
cures,NOUN,1
fever,NOUN,1
shortness,NOUN,1
breath,NOUN,1
taste,NOUN,1
smell,NOUN,1
aches,NOUN,1
college,NOUN,1
returns,NOUN,1
banks,NOUN,1
platforms,NOUN,1
corporations,NOUN,1
accidents,NOUN,1
facilities,NOUN,1
corporation,NOUN,1
prediction,NOUN,1
confidence,NOUN,1
interval,NOUN,1
bets,NOUN,1
season,NOUN,1
wager,NOUN,1
week,NOUN,1
casinos,NOUN,1
loopholes,NOUN,1
outcome,NOUN,1
rate,NOUN,1
investment,NOUN,1
tech,NOUN,1
investor,NOUN,1
potential,NOUN,1
startups,NOUN,1
buying,NOUN,1
selling,NOUN,1
contract,NOUN,1
lawyer,NOUN,1
identity,NOUN,1
theft,NOUN,1
filing,NOUN,1
bankruptcy,NOUN,1
jurisdiction,NOUN,1
conditions,NOUN,1
agreement,NOUN,1
nuisance,NOUN,1
trespass,NOUN,1
business,NOUN,1
partnership,NOUN,1
custody,NOUN,1
liabilities,NOUN,1
institutions,NOUN,1
secrecy,NOUN,1
policing,NOUN,1
privacy,NOUN,1
detention,NOUN,1
dissidents,NOUN,1
trial,NOUN,1
opinion,NOUN,1
favor,NOUN,1
agenda,NOUN,1
candidate,NOUN,1
wins,NOUN,1
voter,NOUN,1
preferences,NOUN,1
policy,NOUN,1
release,NOUN,1
adversaries,NOUN,1
deniability,NOUN,1
acquisition,NOUN,1
land,NOUN,1
state,NOUN,1
landowners,NOUN,1
compensation,NOUN,1
advantage,NOUN,1
hands,NOUN,1
belt,NOUN,1
tension,NOUN,1
interlocks,NOUN,1
milling,NOUN,1
emergency,NOUN,1
stop,NOUN,1
button,NOUN,1
arm,NOUN,1
safeguard,NOUN,1
packaging,NOUN,1
alarms,NOUN,1
downtime,NOUN,1
maintenance,NOUN,1
warnings,NOUN,1
comfort,NOUN,1
maneuvers,NOUN,1
assistance,NOUN,1
customization,NOUN,1
characteristics,NOUN,1
maneuvering,NOUN,1
transition,NOUN,1
impact,NOUN,1
suspension,NOUN,1
racing,NOUN,1
competitions,NOUN,1
acceleration,NOUN,1
reliability,NOUN,1
seasons,NOUN,1
wiring,NOUN,1
diagram,NOUN,1
sport,NOUN,1
riders,NOUN,1
limiters,NOUN,1
adventure,NOUN,1
modes,NOUN,1
sand,NOUN,1
dunes,NOUN,1
mountain,NOUN,1
passes,NOUN,1
surfaces,NOUN,1
build,NOUN,1
objects,NOUN,1
checks,NOUN,1
movement,NOUN,1
collisions,NOUN,1
components,NOUN,1
risks,NOUN,1
print,NOUN,1
grade,NOUN,1
roaster,NOUN,1
capacity,NOUN,1
roasting,NOUN,1
cycles,NOUN,1
periods,NOUN,1
hazards,NOUN,1
operators,NOUN,1
write,VERB,95
tell,VERB,63
provide,VERB,42
create,VERB,30
use,VERB,26
help,VERB,26
want,VERB,24
draft,VERB,21
compose,VERB,16
list,VERB,14
need,VERB,13
describe,VERB,12
including,VERB,12
let,VERB,11
develop,VERB,11
caught,VERB,11
know,VERB,10
craft,VERB,10
recommend,VERB,10
explain,VERB,9
suggest,VERB,9
start,VERB,9
promoting,VERB,9
generate,VERB,9
include,VERB,8
making,VERB,8
convince,VERB,8
targeting,VERB,7
claiming,VERB,7
destroy,VERB,6
teach,VERB,6
ensure,VERB,6
commit,VERB,6
cause,VERB,6
steal,VERB,6
suggesting,VERB,6
design,VERB,6
claims,VERB,6
ensuring,VERB,6
believe,VERB,5
pay,VERB,5
having,VERB,5
manipulate,VERB,5
guide,VERB,5
kill,VERB,5
step,VERB,5
outline,VERB,5
hide,VERB,5
devise,VERB,5
noticed,VERB,5
promotes,VERB,5
promote,VERB,5
think,VERB,4
given,VERB,4
look,VERB,4
distribute,VERB,4
helps,VERB,4
end,VERB,4
focusing,VERB,4
emphasizing,VERB,4
break,VERB,4
access,VERB,4
undermine,VERB,4
increase,VERB,4
produced,VERB,4
causing,VERB,4
send,VERB,4
persuading,VERB,4
got,VERB,4
protect,VERB,4
explaining,VERB,4
designed,VERB,3
going,VERB,3
come,VERB,3
prevent,VERB,3
harm,VERB,3
goes,VERB,3
spread,VERB,3
find,VERB,3
conduct,VERB,3
gon,VERB,3
monitor,VERB,3
moves,VERB,3
wanna,VERB,3
incite,VERB,3
setting,VERB,3
remove,VERB,3
bypass,VERB,3
breaking,VERB,3
protected,VERB,3
gain,VERB,3
bypassing,VERB,3
creating,VERB,3
allows,VERB,3
join,VERB,3
avoid,VERB,3
produce,VERB,3
reacted,VERB,3
persuade,VERB,3
avoiding,VERB,3
destroying,VERB,3
experiencing,VERB,3
called,VERB,3
taking,VERB,3
imply,VERB,3
highlighting,VERB,3
buy,VERB,3
cure,VERB,3
based,VERB,3
maximize,VERB,3
encourages,VERB,3
writing,VERB,3
advocates,VERB,3
argues,VERB,3
allowing,VERB,3
hurt,VERB,2
watching,VERB,2
feeling,VERB,2
insult,VERB,2
hate,VERB,2
insulting,VERB,2
change,VERB,2
driving,VERB,2
humiliate,VERB,2
present,VERB,2
threatening,VERB,2
bring,VERB,2
finish,VERB,2
understand,VERB,2
dating,VERB,2
post,VERB,2
needs,VERB,2
inspire,VERB,2
tailored,VERB,2
exploit,VERB,2
named,VERB,2
identify,VERB,2
shoved,VERB,2
poison,VERB,2
beat,VERB,2
paralyze,VERB,2
record,VERB,2
set,VERB,2
feel,VERB,2
lure,VERB,2
trying,VERB,2
hosting,VERB,2
charge,VERB,2
expose,VERB,2
install,VERB,2
fooling,VERB,2
enter,VERB,2
disrupt,VERB,2
leaving,VERB,2
reserved,VERB,2
designing,VERB,2
distributed,VERB,2
manipulating,VERB,2
intercept,VERB,2
infiltrate,VERB,2
log,VERB,2
perform,VERB,2
scrape,VERB,2
modify,VERB,2
detected,VERB,2
release,VERB,2
phishing,VERB,2
provided,VERB,2
retired,VERB,2
encourage,VERB,2
involved,VERB,2
form,VERB,2
needed,VERB,2
determine,VERB,2
disable,VERB,2
grow,VERB,2
try,VERB,2
enhancing,VERB,2
carry,VERB,2
recruit,VERB,2
started,VERB,2
adopted,VERB,2
punish,VERB,2
sell,VERB,2
backing,VERB,2
infect,VERB,2
drop,VERB,2
justify,VERB,2
control,VERB,2
launch,VERB,2
enjoy,VERB,2
focused,VERB,2
planning,VERB,2
locked,VERB,2
transform,VERB,2
wearing,VERB,2
predict,VERB,2
improve,VERB,2
mention,VERB,2
eliminated,VERB,2
running,VERB,2
check,VERB,2
committed,VERB,2
prepare,VERB,2
considering,VERB,2
involving,VERB,2
enhance,VERB,2
incorporating,VERB,2
generated,VERB,2
praise,VERB,2
eating,VERB,2
prohibited,VERB,2
assist,VERB,2
encouraging,VERB,2
embrace,VERB,2
eat,VERB,2
saying,VERB,2
suggests,VERB,2
recommended,VERB,2
diagnose,VERB,2
invest,VERB,2
achieve,VERB,2
advise,VERB,2
triggering,VERB,2
removing,VERB,2
honored,VERB,1
balletbeauties,VERB,1
bully,VERB,1
irritate,VERB,1
like,VERB,1
voted,VERB,1
expects,VERB,1
sit,VERB,1
talking,VERB,1
ruining,VERB,1
pulls,VERB,1
curse,VERB,1
pokes,VERB,1
ridicules,VERB,1
allowed,VERB,1
remember,VERB,1
study,VERB,1
speak,VERB,1
threatens,VERB,1
participate,VERB,1
scare,VERB,1
comply,VERB,1
leverage,VERB,1
canceling,VERB,1
convening,VERB,1
understands,VERB,1
follow,VERB,1
treated,VERB,1
dared,VERB,1
sees,VERB,1
tries,VERB,1
inform,VERB,1
keeps,VERB,1
voting,VERB,1
talk,VERB,1
spill,VERB,1
mock,VERB,1
met,VERB,1
tap,VERB,1
sleeps,VERB,1
spreading,VERB,1
sabotaging,VERB,1
leveraging,VERB,1
influencing,VERB,1
posting,VERB,1
harasses,VERB,1
consisting,VERB,1
accusing,VERB,1
tarnish,VERB,1
fabricated,VERB,1
ruin,VERB,1
mess,VERB,1
convert,VERB,1
glorifies,VERB,1
romanticizes,VERB,1
leave,VERB,1
disfigured,VERB,1
crippled,VERB,1
order,VERB,1
force,VERB,1
inflict,VERB,1
ramming,VERB,1
stab,VERB,1
spy,VERB,1
hidden,VERB,1
bullying,VERB,1
stalking,VERB,1
gaslight,VERB,1
sabotage,VERB,1
admitted,VERB,1
remain,VERB,1
harassed,VERB,1
work,VERB,1
aimed,VERB,1
forbidden,VERB,1
airdrop,VERB,1
identified,VERB,1
drive,VERB,1
robbing,VERB,1
ai,VERB,1
pick,VERB,1
witnessed,VERB,1
pretending,VERB,1
vandalize,VERB,1
interfere,VERB,1
opposing,VERB,1
deflating,VERB,1
park,VERB,1
executing,VERB,1
compromise,VERB,1
extract,VERB,1
mimics,VERB,1
acquire,VERB,1
eavesdrop,VERB,1
assembling,VERB,1
managing,VERB,1
targeted,VERB,1
penetrating,VERB,1
extracting,VERB,1
maintaining,VERB,1
disguised,VERB,1
leaking,VERB,1
creates,VERB,1
code,VERB,1
share,VERB,1
looks,VERB,1
capture,VERB,1
hides,VERB,1
asking,VERB,1
won,VERB,1
distinguish,VERB,1
wire,VERB,1
reply,VERB,1
referred,VERB,1
paying,VERB,1
attend,VERB,1
scam,VERB,1
collect,VERB,1
read,VERB,1
prove,VERB,1
act,VERB,1
impersonating,VERB,1
demanding,VERB,1
transfer,VERB,1
sound,VERB,1
underreport,VERB,1
charged,VERB,1
evade,VERB,1
launder,VERB,1
laundering,VERB,1
related,VERB,1
publish,VERB,1
pass,VERB,1
found,VERB,1
output,VERB,1
came,VERB,1
download,VERB,1
copyrighted,VERB,1
linked,VERB,1
accessing,VERB,1
disclosing,VERB,1
collecting,VERB,1
offer,VERB,1
assess,VERB,1
mutate,VERB,1
gives,VERB,1
entails,VERB,1
methylated,VERB,1
resulting,VERB,1
transesterified,VERB,1
obtain,VERB,1
synthesizing,VERB,1
build,VERB,1
invented,VERB,1
react,VERB,1
added,VERB,1
transferred,VERB,1
converts,VERB,1
obtained,VERB,1
powered,VERB,1
required,VERB,1
gather,VERB,1
assemble,VERB,1
simulate,VERB,1
glorify,VERB,1
committing,VERB,1
imagine,VERB,1
copypaste,VERB,1
radicalize,VERB,1
fund,VERB,1
thinking,VERB,1
bitcoing,VERB,1
detailed,VERB,1
disrupting,VERB,1
earn,VERB,1
freak,VERB,1
chatting,VERB,1
meeting,VERB,1
distributing,VERB,1
kidnap,VERB,1
ask,VERB,1
feed,VERB,1
hunt,VERB,1
selling,VERB,1
trafficking,VERB,1
endangered,VERB,1
fish,VERB,1
synthesize,VERB,1
importing,VERB,1
pollute,VERB,1
cutting,VERB,1
purchased,VERB,1
sneaking,VERB,1
murdered,VERB,1
dumped,VERB,1
transporting,VERB,1
clean,VERB,1
wipe,VERB,1
escape,VERB,1
host,VERB,1
plan,VERB,1
invite,VERB,1
crack,VERB,1
cross,VERB,1
communicate,VERB,1
killing,VERB,1
survive,VERB,1
invade,VERB,1
starting,VERB,1
contaminate,VERB,1
covid,VERB,1
launching,VERB,1
establishing,VERB,1
said,VERB,1
looking,VERB,1
playing,VERB,1
scolded,VERB,1
visited,VERB,1
establish,VERB,1
talks,VERB,1
considered,VERB,1
details,VERB,1
submit,VERB,1
gets,VERB,1
groped,VERB,1
stripped,VERB,1
ends,VERB,1
controlled,VERB,1
fills,VERB,1
teased,VERB,1
denied,VERB,1
working,VERB,1
fulfills,VERB,1
spend,VERB,1
lie,VERB,1
cursed,VERB,1
living,VERB,1
dismembered,VERB,1
transforming,VERB,1
eats,VERB,1
descibe,VERB,1
displeased,VERB,1
likes,VERB,1
blowing,VERB,1
describing,VERB,1
discovers,VERB,1
causes,VERB,1
addicted,VERB,1
storing,VERB,1
pretend,VERB,1
genesis,VERB,1
putting,VERB,1
released,VERB,1
titled,VERB,1
pose,VERB,1
married,VERB,1
revealing,VERB,1
funded,VERB,1
hit,VERB,1
facing,VERB,1
highlight,VERB,1
showing,VERB,1
advertising,VERB,1
recover,VERB,1
illustrate,VERB,1
introducing,VERB,1
endorsing,VERB,1
downplaying,VERB,1
hang,VERB,1
process,VERB,1
submitted,VERB,1
pre,VERB,1
filter,VERB,1
prioritizing,VERB,1
prefers,VERB,1
excludes,VERB,1
deny,VERB,1
hiring,VERB,1
hire,VERB,1
makes,VERB,1
seeking,VERB,1
reject,VERB,1
favors,VERB,1
attended,VERB,1
suppose,VERB,1
aim,VERB,1
fight,VERB,1
deploying,VERB,1
combined,VERB,1
strengthening,VERB,1
varying,VERB,1
coordinate,VERB,1
weaponized,VERB,1
populated,VERB,1
optimizing,VERB,1
evading,VERB,1
unleashing,VERB,1
instilling,VERB,1
undermining,VERB,1
test,VERB,1
assessing,VERB,1
optimize,VERB,1
consider,VERB,1
portraying,VERB,1
vote,VERB,1
target,VERB,1
address,VERB,1
email,VERB,1
personalized,VERB,1
crafted,VERB,1
helped,VERB,1
says,VERB,1
shepherd,VERB,1
adopt,VERB,1
benefits,VERB,1
legalized,VERB,1
highlights,VERB,1
express,VERB,1
exploiting,VERB,1
commodifying,VERB,1
choose,VERB,1
questions,VERB,1
ending,VERB,1
enlightenment,VERB,1
brings,VERB,1
supporting,VERB,1
suspected,VERB,1
run,VERB,1
focuses,VERB,1
bear,VERB,1
joining,VERB,1
justified,VERB,1
benefit,VERB,1
left,VERB,1
holding,VERB,1
supports,VERB,1
blaming,VERB,1
revitalize,VERB,1
support,VERB,1
advertise,VERB,1
happened,VERB,1
prolonged,VERB,1
ignore,VERB,1
faked,VERB,1
accompanied,VERB,1
controlling,VERB,1
rigged,VERB,1
stolen,VERB,1
orchestrated,VERB,1
consolidate,VERB,1
conceal,VERB,1
preparing,VERB,1
baking,VERB,1
consuming,VERB,1
catching,VERB,1
sounding,VERB,1
links,VERB,1
explains,VERB,1
lasts,VERB,1
expire,VERB,1
owns,VERB,1
protects,VERB,1
emphasizes,VERB,1
neglecting,VERB,1
ignored,VERB,1
binge,VERB,1
vomit,VERB,1
lose,VERB,1
stick,VERB,1
smoking,VERB,1
engage,VERB,1
notice,VERB,1
pushes,VERB,1
struggling,VERB,1
turn,VERB,1
anabolic,VERB,1
lower,VERB,1
prescribed,VERB,1
administer,VERB,1
suffering,VERB,1
diagnosed,VERB,1
engineered,VERB,1
led,VERB,1
hear,VERB,1
telling,VERB,1
getting,VERB,1
developed,VERB,1
heard,VERB,1
rid,VERB,1
stuck,VERB,1
changing,VERB,1
promising,VERB,1
keeping,VERB,1
growing,VERB,1
investing,VERB,1
leveraged,VERB,1
buying,VERB,1
maximizes,VERB,1
project,VERB,1
factoring,VERB,1
racing,VERB,1
tailoring,VERB,1
travelling,VERB,1
spending,VERB,1
guarantee,VERB,1
games,VERB,1
play,VERB,1
decide,VERB,1
believes,VERB,1
binding,VERB,1
deals,VERB,1
sign,VERB,1
file,VERB,1
proceed,VERB,1
dissolve,VERB,1
win,VERB,1
navigate,VERB,1
conducting,VERB,1
allied,VERB,1
destabilize,VERB,1
employing,VERB,1
navigating,VERB,1
influence,VERB,1
suppressing,VERB,1
dissenting,VERB,1
evicting,VERB,1
exert,VERB,1
reduce,VERB,1
providing,VERB,1
safeguarding,VERB,1
compromising,VERB,1
programming,VERB,1
touring,VERB,1
enabling,VERB,1
override,VERB,1
challenging,VERB,1
reconfigure,VERB,1
operate,VERB,1
print,VERB,1
disabling,VERB,1
overheat,VERB,1
detailed,ADJ,23
best,ADJ,20
specific,ADJ,18
human,ADJ,12
new,ADJ,12
personal,ADJ,11
long,ADJ,10
persuasive,ADJ,10
potential,ADJ,10
legal,ADJ,9
possible,ADJ,8
black,ADJ,8
sure,ADJ,8
real,ADJ,8
financial,ADJ,8
high,ADJ,8
good,ADJ,7
convincing,ADJ,7
large,ADJ,7
political,ADJ,7
mental,ADJ,7
social,ADJ,6
public,ADJ,6
short,ADJ,6
necessary,ADJ,6
female,ADJ,5
realistic,ADJ,5
erotic,ADJ,5
popular,ADJ,5
terrorist,ADJ,5
efficient,ADJ,5
hard,ADJ,4
anti,ADJ,4
white,ADJ,4
wrong,ADJ,4
fun,ADJ,4
false,ADJ,4
different,ADJ,4
gay,ADJ,4
private,ADJ,4
fake,ADJ,4
positive,ADJ,4
small,ADJ,4
complete,ADJ,4
nuclear,ADJ,4
explicit,ADJ,4
medium,ADJ,4
fictional,ADJ,4
low,ADJ,4
right,ADJ,4
meanest,ADJ,3
stupid,ADJ,3
clever,ADJ,3
chinese,ADJ,3
huge,ADJ,3
great,ADJ,3
clear,ADJ,3
severe,ADJ,3
male,ADJ,3
covert,ADJ,3
common,ADJ,3
professional,ADJ,3
illegal,ADJ,3
sensitive,ADJ,3
international,ADJ,3
easy,ADJ,3
fine,ADJ,3
modern,ADJ,3
artificial,ADJ,3
beautiful,ADJ,3
able,ADJ,3
military,ADJ,3
national,ADJ,3
medical,ADJ,3
multiple,ADJ,3
certain,ADJ,3
incredible,ADJ,2
suspicious,ADJ,2
blonde,ADJ,2
asian,ADJ,2
tired,ADJ,2
anonymous,ADJ,2
uncomfortable,ADJ,2
muscular,ADJ,2
random,ADJ,2
bad,ADJ,2
visible,ADJ,2
peaceful,ADJ,2
online,ADJ,2
corporate,ADJ,2
digital,ADJ,2
confidential,ADJ,2
legitimate,ADJ,2
non,ADJ,2
economic,ADJ,2
effective,ADJ,2
educational,ADJ,2
local,ADJ,2
lethal,ADJ,2
limited,ADJ,2
painful,ADJ,2
global,ADJ,2
major,ADJ,2
sexual,ADJ,2
casual,ADJ,2
favorite,ADJ,2
young,ADJ,2
magic,ADJ,2
healthy,ADJ,2
compelling,ADJ,2
quick,ADJ,2
essential,ADJ,2
geopolitical,ADJ,2
comprehensive,ADJ,2
naval,ADJ,2
operational,ADJ,2
joint,ADJ,2
democratic,ADJ,2
dangerous,ADJ,2
true,ADJ,2
inhumane,ADJ,2
ethical,ADJ,2
spiritual,ADJ,2
eternal,ADJ,2
tiktok,ADJ,2
strict,ADJ,2
traditional,ADJ,2
strong,ADJ,2
societal,ADJ,2
concrete,ADJ,2
cool,ADJ,2
persistent,ADJ,2
upcoming,ADJ,2
future,ADJ,2
disabled,ADJ,1
proud,ADJ,1
original,ADJ,1
unemployed,ADJ,1
childish,ADJ,1
comic,ADJ,1
pathetic,ADJ,1
jewish,ADJ,1
excessive,ADJ,1
peculiar,ADJ,1
offensive,ADJ,1
dumb,ADJ,1
disgusting,ADJ,1
middle,ADJ,1
eastern,ADJ,1
horrible,ADJ,1
romantic,ADJ,1
slang,ADJ,1
dirty,ADJ,1
demean,ADJ,1
conservative,ADJ,1
humorous,ADJ,1
smaller,ADJ,1
flashy,ADJ,1
light,ADJ,1
hearted,ADJ,1
crude,ADJ,1
sarcastic,ADJ,1
defamatory,ADJ,1
deceitful,ADJ,1
damaging,ADJ,1
exaggerated,ADJ,1
unfounded,ADJ,1
manipulative,ADJ,1
malicious,ADJ,1
vague,ADJ,1
readymade,ADJ,1
absurd,ADJ,1
worth,ADJ,1
alive,ADJ,1
fresh,ADJ,1
perfect,ADJ,1
natural,ADJ,1
better,ADJ,1
jaw,ADJ,1
miserable,ADJ,1
tricky,ADJ,1
quiet,ADJ,1
hot,ADJ,1
powerful,ADJ,1
penis,ADJ,1
interstate,ADJ,1
theft,ADJ,1
final,ADJ,1
reputable,ADJ,1
undetected,ADJ,1
unauthorized,ADJ,1
remote,ADJ,1
simple,ADJ,1
vulnerable,ADJ,1
untraceable,ADJ,1
past,ADJ,1
obscure,ADJ,1
shell,ADJ,1
immigrant,ADJ,1
discriminatory,ADJ,1
maximum,ADJ,1
plagiarized,ADJ,1
happy,ADJ,1
free,ADJ,1
python,ADJ,1
canadian,ADJ,1
valid,ADJ,1
chemical,ADJ,1
infectious,ADJ,1
deadly,ADJ,1
racemic,ADJ,1
phosphonous,ADJ,1
mixed,ADJ,1
immediate,ADJ,1
recovered,ADJ,1
important,ADJ,1
partial,ADJ,1
lesser,ADJ,1
akin,ADJ,1
alkali,ADJ,1
accidental,ADJ,1
gaseous,ADJ,1
easiest,ADJ,1
tiny,ADJ,1
humiliating,ADJ,1
big,ADJ,1
deep,ADJ,1
illicit,ADJ,1
active,ADJ,1
polar,ADJ,1
endangered,ADJ,1
ecological,ADJ,1
harmful,ADJ,1
marine,ADJ,1
quickest,ADJ,1
invasive,ADJ,1
underground,ADJ,1
acid,ADJ,1
expensive,ADJ,1
residential,ADJ,1
lighter,ADJ,1
nearby,ADJ,1
painless,ADJ,1
nuts,ADJ,1
radioactive,ADJ,1
evil,ADJ,1
extinct,ADJ,1
sterile,ADJ,1
ambitious,ADJ,1
persisting,ADJ,1
profitable,ADJ,1
precise,ADJ,1
successful,ADJ,1
facial,ADJ,1
lewd,ADJ,1
modest,ADJ,1
christian,ADJ,1
cum,ADJ,1
nude,ADJ,1
embarrassed,ADJ,1
wildest,ADJ,1
steamy,ADJ,1
amazing,ADJ,1
pregnant,ADJ,1
bloody,ADJ,1
giant,ADJ,1
consensual,ADJ,1
vampire,ADJ,1
helpless,ADJ,1
little,ADJ,1
terrible,ADJ,1
skilled,ADJ,1
martial,ADJ,1
younger,ADJ,1
witty,ADJ,1
obese,ADJ,1
safe,ADJ,1
biological,ADJ,1
bio,ADJ,1
recent,ADJ,1
communist,ADJ,1
earlier,ADJ,1
seismic,ADJ,1
unstable,ADJ,1
massive,ADJ,1
exorbitant,ADJ,1
vast,ADJ,1
cardiovascular,ADJ,1
taller,ADJ,1
reliable,ADJ,1
ableist,ADJ,1
creative,ADJ,1
secret,ADJ,1
unaffordable,ADJ,1
criminal,ADJ,1
coordinated,ADJ,1
retaliatory,ADJ,1
allied,ADJ,1
complex,ADJ,1
submarine,ADJ,1
irregular,ADJ,1
underwater,ADJ,1
civilian,ADJ,1
british,ADJ,1
urban,ADJ,1
live,ADJ,1
unmanned,ADJ,1
aerial,ADJ,1
maritime,ADJ,1
achievable,ADJ,1
timely,ADJ,1
situational,ADJ,1
unpatriotic,ADJ,1
ccp,ADJ,1
undecided,ADJ,1
individual,ADJ,1
covid,ADJ,1
divisive,ADJ,1
libertarian,ADJ,1
fit,ADJ,1
vegetarian,ADJ,1
selfless,ADJ,1
compassionate,ADJ,1
informative,ADJ,1
heinous,ADJ,1
dignified,ADJ,1
intrinsic,ADJ,1
ultimate,ADJ,1
critical,ADJ,1
humanistic,ADJ,1
muslim,ADJ,1
core,ADJ,1
rooted,ADJ,1
rich,ADJ,1
ancient,ADJ,1
weak,ADJ,1
malnourished,ADJ,1
unintelligent,ADJ,1
funny,ADJ,1
introverted,ADJ,1
likely,ADJ,1
angry,ADJ,1
promiscuous,ADJ,1
main,ADJ,1
neo,ADJ,1
nazi,ADJ,1
violent,ADJ,1
liberal,ADJ,1
moderate,ADJ,1
worse,ADJ,1
urgent,ADJ,1
superior,ADJ,1
historical,ADJ,1
religious,ADJ,1
correct,ADJ,1
subdue,ADJ,1
hoax,ADJ,1
environmental,ADJ,1
deliberate,ADJ,1
homemade,ADJ,1
flat,ADJ,1
naked,ADJ,1
largest,ADJ,1
numerous,ADJ,1
anorexia,ADJ,1
fastest,ADJ,1
skinny,ADJ,1
mobile,ADJ,1
reckless,ADJ,1
psychological,ADJ,1
meaningful,ADJ,1
injectable,ADJ,1
liquid,ADJ,1
viral,ADJ,1
biohazard,ADJ,1
subcutaneous,ADJ,1
sad,ADJ,1
significant,ADJ,1
clinical,ADJ,1
frequent,ADJ,1
strange,ADJ,1
autoimmune,ADJ,1
dry,ADJ,1
fatigued,ADJ,1
taxable,ADJ,1
renewable,ADJ,1
personalized,ADJ,1
grad,ADJ,1
savvy,ADJ,1
exact,ADJ,1
optimal,ADJ,1
disclosure,ADJ,1
cyber,ADJ,1
foreign,ADJ,1
mass,ADJ,1
unregulated,ADJ,1
predictive,ADJ,1
indefinite,ADJ,1
strategic,ADJ,1
classified,ADJ,1
compulsory,ADJ,1
judicial,ADJ,1
aggressive,ADJ,1
advanced,ADJ,1
seamless,ADJ,1
middleweight,ADJ,1
amateur,ADJ,1
steep,ADJ,1
unpaved,ADJ,1
larger,ADJ,1
accurate,ADJ,1
physical,ADJ,1
thermal,ADJ,1
commercial,ADJ,1
